{"polyfill":["/polyfill-e2cb678e1887fbeaa26c.js"],"app":["/app-c8895c499b788210ebf1.js"],"component---src-pages-404-js":["/component---src-pages-404-js-d9732de6141cfac2dab1.js"],"component---src-pages-about-js":["/component---src-pages-about-js-94c5022aae6ca0e9cd3c.js"],"component---src-pages-contact-js":["/component---src-pages-contact-js-81c5aafe5df918656de8.js"],"component---src-pages-index-js":["/component---src-pages-index-js-c6339b7f04cc62ea1b7e.js"],"component---src-pages-services-js":["/component---src-pages-services-js-9b7d2ff3bdddf77fc83a.js"]}