{"namedChunkGroups":{"polyfill":{"name":"polyfill","assets":[{"name":"webpack-runtime-4d7eef85cfaeab58e062.js","size":3722},{"name":"polyfill-e2cb678e1887fbeaa26c.js","size":85276}],"filteredAssets":0,"assetsSize":88998,"filteredAuxiliaryAssets":2,"auxiliaryAssetsSize":221829},"app":{"name":"app","assets":[{"name":"webpack-runtime-4d7eef85cfaeab58e062.js","size":3722},{"name":"framework-b8144d59fa5866a4be4b.js","size":128864},{"name":"app-c8895c499b788210ebf1.js","size":50819}],"filteredAssets":0,"assetsSize":183405,"filteredAuxiliaryAssets":3,"auxiliaryAssetsSize":543410},"component---src-pages-404-js":{"name":"component---src-pages-404-js","assets":[{"name":"component---src-pages-404-js-d9732de6141cfac2dab1.js","size":794}],"filteredAssets":0,"assetsSize":794,"filteredAuxiliaryAssets":1,"auxiliaryAssetsSize":1864},"component---src-pages-about-js":{"name":"component---src-pages-about-js","assets":[{"name":"78e521c3-04c55b9ca5aa5bceec7c.js","size":1549},{"name":"1bfc9850-ac4c6de535c0937fe41f.js","size":1505},{"name":"b27f4ce8904f3f2fb7ac03ce2710a8f659cb5bb0-0a8b2894210a3a4441db.js","size":41870},{"name":"315737447d6fd22fabcebfd9a3e1fa0cdd48d1c4-7eeb848f099a45f8d0b1.js","size":16565},{"name":"component---src-pages-about-js-94c5022aae6ca0e9cd3c.js","size":2007}],"filteredAssets":0,"assetsSize":63496,"filteredAuxiliaryAssets":7,"auxiliaryAssetsSize":3317089},"component---src-pages-contact-js":{"name":"component---src-pages-contact-js","assets":[{"name":"78e521c3-04c55b9ca5aa5bceec7c.js","size":1549},{"name":"1bfc9850-ac4c6de535c0937fe41f.js","size":1505},{"name":"252f366e-066a82348c9e869810c7.js","size":426},{"name":"6728d85a-bc44aa761da92e90f23a.js","size":4261},{"name":"d7eeaac4-4170f8f594c459c749a1.js","size":830},{"name":"b27f4ce8904f3f2fb7ac03ce2710a8f659cb5bb0-0a8b2894210a3a4441db.js","size":41870},{"name":"315737447d6fd22fabcebfd9a3e1fa0cdd48d1c4-7eeb848f099a45f8d0b1.js","size":16565},{"name":"component---src-pages-contact-js-81c5aafe5df918656de8.js","size":2923}],"filteredAssets":0,"assetsSize":69929,"filteredAuxiliaryAssets":11,"auxiliaryAssetsSize":5182802},"component---src-pages-index-js":{"name":"component---src-pages-index-js","assets":[{"name":"78e521c3-04c55b9ca5aa5bceec7c.js","size":1549},{"name":"1bfc9850-ac4c6de535c0937fe41f.js","size":1505},{"name":"b27f4ce8904f3f2fb7ac03ce2710a8f659cb5bb0-0a8b2894210a3a4441db.js","size":41870},{"name":"component---src-pages-index-js-c6339b7f04cc62ea1b7e.js","size":334}],"filteredAssets":0,"assetsSize":45258,"filteredAuxiliaryAssets":4,"auxiliaryAssetsSize":3209874},"component---src-pages-services-js":{"name":"component---src-pages-services-js","assets":[{"name":"78e521c3-04c55b9ca5aa5bceec7c.js","size":1549},{"name":"1bfc9850-ac4c6de535c0937fe41f.js","size":1505},{"name":"b27f4ce8904f3f2fb7ac03ce2710a8f659cb5bb0-0a8b2894210a3a4441db.js","size":41870},{"name":"315737447d6fd22fabcebfd9a3e1fa0cdd48d1c4-7eeb848f099a45f8d0b1.js","size":16565},{"name":"component---src-pages-services-js-9b7d2ff3bdddf77fc83a.js","size":2929}],"filteredAssets":0,"assetsSize":64418,"filteredAuxiliaryAssets":10,"auxiliaryAssetsSize":3469970}},"assetsByChunkName":{"polyfill":["webpack-runtime-4d7eef85cfaeab58e062.js","polyfill-e2cb678e1887fbeaa26c.js"],"app":["webpack-runtime-4d7eef85cfaeab58e062.js","framework-b8144d59fa5866a4be4b.js","app-c8895c499b788210ebf1.js"],"component---src-pages-404-js":["component---src-pages-404-js-d9732de6141cfac2dab1.js"],"component---src-pages-about-js":["78e521c3-04c55b9ca5aa5bceec7c.js","1bfc9850-ac4c6de535c0937fe41f.js","b27f4ce8904f3f2fb7ac03ce2710a8f659cb5bb0-0a8b2894210a3a4441db.js","315737447d6fd22fabcebfd9a3e1fa0cdd48d1c4-7eeb848f099a45f8d0b1.js","component---src-pages-about-js-94c5022aae6ca0e9cd3c.js"],"component---src-pages-contact-js":["78e521c3-04c55b9ca5aa5bceec7c.js","1bfc9850-ac4c6de535c0937fe41f.js","252f366e-066a82348c9e869810c7.js","6728d85a-bc44aa761da92e90f23a.js","d7eeaac4-4170f8f594c459c749a1.js","b27f4ce8904f3f2fb7ac03ce2710a8f659cb5bb0-0a8b2894210a3a4441db.js","315737447d6fd22fabcebfd9a3e1fa0cdd48d1c4-7eeb848f099a45f8d0b1.js","component---src-pages-contact-js-81c5aafe5df918656de8.js"],"component---src-pages-index-js":["78e521c3-04c55b9ca5aa5bceec7c.js","1bfc9850-ac4c6de535c0937fe41f.js","b27f4ce8904f3f2fb7ac03ce2710a8f659cb5bb0-0a8b2894210a3a4441db.js","component---src-pages-index-js-c6339b7f04cc62ea1b7e.js"],"component---src-pages-services-js":["78e521c3-04c55b9ca5aa5bceec7c.js","1bfc9850-ac4c6de535c0937fe41f.js","b27f4ce8904f3f2fb7ac03ce2710a8f659cb5bb0-0a8b2894210a3a4441db.js","315737447d6fd22fabcebfd9a3e1fa0cdd48d1c4-7eeb848f099a45f8d0b1.js","component---src-pages-services-js-9b7d2ff3bdddf77fc83a.js"]},"childAssetsByChunkName":{}}